﻿<?xml version="1.0" encoding="UTF-8"?>

<mime-types>

  <!--
     !   Application primary type
     ! -->

   <mime-type name="application/msword">
    <ext>doc</ext>
    <magic offset="0" type="byte" value="d0cf11e0a1b11ae1"/>
  </mime-type>

  <mime-type name="application/vnd.openxmlformats-officedocument.wordprocessingml.document">
    <ext>docx</ext>
    <magic offset="0" type="byte" value="504b030414000600"/>
  </mime-type>

  <mime-type name="application/pdf"
             description="Portable Document Format (PDF)">
    <ext>pdf</ext>
    <magic offset="0" value="%PDF-"/>
  </mime-type>

   <mime-type name="application/vnd.ms-excel">
    <ext>xls</ext>
  </mime-type>

  <mime-type name="application/vnd.openxmlformats-officedocument.spreadsheetml.sheet">
    <ext>xlsx</ext>
    <magic offset="0" type="byte" value="504b030414000600"/>
  </mime-type>

</mime-types>
